Group,Genus,Species,TaxonName,Total,0001-mifish,0002-mifish,0003-mifish,0004-mifish,0005-mifish,0006-mifish,0007-mifish,0008-mifish,0009-mifish,0010-mifish,0011-mifish,0012-mifish,0013-mifish,0014-mifish,0015-mifish,0016-mifish,0017-mifish,0018-mifish,12s-allalberta,12s-blindspot,12s-lowrelat,12s-mix,12s-richlowevenlow,12s-richlowevenplus,12s-richplusevenlow,12s-richplusevenplus
NC,031568;cellularOrganisms;Eukaryota;Metazoa;Chordata;Actinopteri;Cypriniformes;Cyprinidae;Couesius;Couesius,plumbeus,NC_031568;cellularOrganisms;Eukaryota;Metazoa;Chordata;Actinopteri;Cypriniformes;Cyprinidae;Couesius;Couesius_plumbeus,191504,21039,6998,19091,1833,12761,3418,3240,17224,10309,7884,12036,9536,7025,4,6567,4169,6261,30359,1276,5359,0,1101,0,0,1505,2509
NC,037013;cellularOrganisms;Eukaryota;Metazoa;Chordata;Actinopteri;Cypriniformes;Catostomidae;Catostomus;Catostomus,catostomus,NC_037013;cellularOrganisms;Eukaryota;Metazoa;Chordata;Actinopteri;Cypriniformes;Catostomidae;Catostomus;Catostomus_catostomus,58876,1128,3233,1,2525,1683,3366,1777,5859,3008,3625,1010,1174,2685,772,1990,2803,1166,10075,1278,5357,0,1097,0,0,752,2512
NC,033944;cellularOrganisms;Eukaryota;Metazoa;Chordata;Actinopteri;Cypriniformes;Cyprinidae;Rhinichthys;Rhinichthys,cataractae,NC_033944;cellularOrganisms;Eukaryota;Metazoa;Chordata;Actinopteri;Cypriniformes;Cyprinidae;Rhinichthys;Rhinichthys_cataractae,52515,0,1,0,2,181,2809,1315,3477,12506,5751,9128,0,2347,2832,4003,5613,2,172,1277,0,0,1099,0,0,0,0
NC,068672;cellularOrganisms;Eukaryota;Metazoa;Chordata;Actinopteri;Percopsiformes;Percopsidae;Percopsis;Percopsis,omiscomaycus,NC_068672;cellularOrganisms;Eukaryota;Metazoa;Chordata;Actinopteri;Percopsiformes;Percopsidae;Percopsis;Percopsis_omiscomaycus,42207,0,275,0,152,1,3721,2561,275,6368,4147,1124,730,765,3441,876,1343,320,1,1276,5362,5358,1099,0,0,503,2509
NC,004379;cellularOrganisms;Eukaryota;Metazoa;Chordata;Actinopteri;Gadiformes;Lotidae;Lota;Lota,lota,NC_004379;cellularOrganisms;Eukaryota;Metazoa;Chordata;Actinopteri;Gadiformes;Lotidae;Lota;Lota_lota,39778,0,1460,0,992,45,0,243,0,0,723,129,453,58,0,0,718,230,2324,1274,5358,5356,1100,7523,5012,4270,2510
NC,008647;cellularOrganisms;Eukaryota;Metazoa;Chordata;Actinopteri;Cypriniformes;Catostomidae;Catostomus;Catostomus,commersonii,NC_008647;cellularOrganisms;Eukaryota;Metazoa;Chordata;Actinopteri;Cypriniformes;Catostomidae;Catostomus;Catostomus_commersonii,33703,3398,1282,2920,1945,416,1121,1793,0,1986,4736,1566,1,2471,3979,821,1454,102,1337,1276,0,0,1099,0,0,0,0
NC,000860;cellularOrganisms;Eukaryota;Metazoa;Chordata;Actinopteri;Salmoniformes;Salmonidae;Salvelinus;Salvelinus,fontinalis,NC_000860;cellularOrganisms;Eukaryota;Metazoa;Chordata;Actinopteri;Salmoniformes;Salmonidae;Salvelinus;Salvelinus_fontinalis,29568,0,0,0,0,0,0,0,0,0,0,0,0,0,0,0,0,0,0,1277,5359,0,1100,9536,5018,4768,2510
NC,001717;cellularOrganisms;Eukaryota;Metazoa;Chordata;Actinopteri;Salmoniformes;Salmonidae;Oncorhynchus;Oncorhynchus,mykiss,NC_001717;cellularOrganisms;Eukaryota;Metazoa;Chordata;Actinopteri;Salmoniformes;Salmonidae;Oncorhynchus;Oncorhynchus_mykiss,28243,0,0,0,0,0,0,0,0,0,0,0,0,0,0,0,0,0,0,1274,5332,0,1098,8518,5010,4503,2508
NC,028285;cellularOrganisms;Eukaryota;Metazoa;Chordata;Actinopteri;Perciformes;Percidae;Sander;Sander,vitreus,NC_028285;cellularOrganisms;Eukaryota;Metazoa;Chordata;Actinopteri;Perciformes;Percidae;Sander;Sander_vitreus,27211,0,1,0,528,0,0,224,1309,92,2332,1247,1,462,2187,1833,3941,196,862,1273,5358,0,1097,0,0,1757,2511
NC,004593;cellularOrganisms;Eukaryota;Metazoa;Chordata;Actinopteri;Esociformes;Esocidae;Esox;Esox,lucius,NC_004593;cellularOrganisms;Eukaryota;Metazoa;Chordata;Actinopteri;Esociformes;Esocidae;Esox;Esox_lucius,26693,1,1,0,937,0,4006,552,0,2810,1407,1257,347,557,2544,0,1868,85,2586,1277,0,5356,1102,0,0,0,0
NC,019572;cellularOrganisms;Eukaryota;Metazoa;Chordata;Actinopteri;Perciformes;Percidae;Perca;Perca,flavescens,NC_019572;cellularOrganisms;Eukaryota;Metazoa;Chordata;Actinopteri;Perciformes;Percidae;Perca;Perca_flavescens,26646,0,0,0,0,0,0,0,0,0,0,0,0,0,0,0,0,0,0,1273,5360,5358,1101,2510,5019,3516,2509
NC,011577;cellularOrganisms;Eukaryota;Metazoa;Chordata;Actinopteri;Perciformes;Gasterosteidae;Culaea;Culaea,inconstans,NC_011577;cellularOrganisms;Eukaryota;Metazoa;Chordata;Actinopteri;Perciformes;Gasterosteidae;Culaea;Culaea_inconstans,25815,0,1,3,5,0,0,0,1,4,1,2,7,0,0,0,0,4,4,1275,5357,0,1100,6522,5014,4010,2505
NC,056305;cellularOrganisms;Eukaryota;Metazoa;Chordata;Actinopteri;Salmoniformes;Salmonidae;Thymallus;Thymallus,arcticus,NC_056305;cellularOrganisms;Eukaryota;Metazoa;Chordata;Actinopteri;Salmoniformes;Salmonidae;Thymallus;Thymallus_arcticus,22526,0,0,0,0,0,0,0,0,0,0,0,0,0,0,0,0,0,0,1276,5356,0,1099,3513,5011,3761,2510
NC,020762;cellularOrganisms;Eukaryota;Metazoa;Chordata;Actinopteri;Salmoniformes;Salmonidae;Coregonus;Coregonus,clupeaformis,NC_020762;cellularOrganisms;Eukaryota;Metazoa;Chordata;Actinopteri;Salmoniformes;Salmonidae;Coregonus;Coregonus_clupeaformis,20022,0,0,0,0,0,0,0,0,0,0,0,0,0,0,0,0,0,0,1277,5356,0,1102,1507,5016,3257,2507
NC,020763;cellularOrganisms;Eukaryota;Metazoa;Chordata;Actinopteri;Salmoniformes;Salmonidae;Prosopium;Prosopium,williamsoni,NC_020763;cellularOrganisms;Eukaryota;Metazoa;Chordata;Actinopteri;Salmoniformes;Salmonidae;Prosopium;Prosopium_williamsoni,19462,0,0,0,0,0,0,0,0,0,689,0,0,0,0,0,0,0,0,1277,5354,0,1101,502,5015,3011,2513
NC,028277:NC,068673;cellularOrganisms;Eukaryota;Metazoa;Chordata;Actinopteri;Perciformes;Cottidae;Cottus;Cottus,NC_028277:NC_068673;cellularOrganisms;Eukaryota;Metazoa;Chordata;Actinopteri;Perciformes;Cottidae;Cottus;Cottus,18314,0,0,0,5162,129,0,0,0,831,0,0,2,311,4300,260,1080,1102,0,1276,0,1,1100,0,0,251,2509
NC,031569;cellularOrganisms;Eukaryota;Metazoa;Chordata;Actinopteri;Cypriniformes;Cyprinidae;Platygobio;Platygobio,gracilis,NC_031569;cellularOrganisms;Eukaryota;Metazoa;Chordata;Actinopteri;Cypriniformes;Cyprinidae;Platygobio;Platygobio_gracilis,16853,0,0,0,0,0,0,0,0,0,0,0,0,0,0,0,0,0,0,1278,5360,5354,1100,0,0,1254,2507
NC,024032;cellularOrganisms;Eukaryota;Metazoa;Chordata;Actinopteri;Salmoniformes;Salmonidae;Salmo;Salmo,trutta,NC_024032;cellularOrganisms;Eukaryota;Metazoa;Chordata;Actinopteri;Salmoniformes;Salmonidae;Salmo;Salmo_trutta,12257,0,0,0,0,0,0,0,0,0,0,0,0,0,0,0,0,0,0,1277,5362,0,1099,0,0,2008,2511
NC,008106;cellularOrganisms;Eukaryota;Metazoa;Chordata;Actinopteri;Centrarchiformes;Centrarchidae;Micropterus;Micropterus,salmoides,NC_008106;cellularOrganisms;Eukaryota;Metazoa;Chordata;Actinopteri;Centrarchiformes;Centrarchidae;Micropterus;Micropterus_salmoides,8840,0,0,0,0,0,0,0,0,0,0,0,0,0,0,0,0,0,0,1277,0,5361,2202,0,0,0,0
NC,004388;cellularOrganisms;Eukaryota;Metazoa;Chordata;Actinopteri;Cyprinodontiformes;Poeciliidae;Gambusia;Gambusia,affinis,NC_004388;cellularOrganisms;Eukaryota;Metazoa;Chordata;Actinopteri;Cyprinodontiformes;Poeciliidae;Gambusia;Gambusia_affinis,7737,0,0,0,0,0,0,0,0,0,0,0,0,0,0,0,0,0,0,1274,0,5361,1102,0,0,0,0
NC,066922;cellularOrganisms;Eukaryota;Metazoa;Chordata;Actinopteri;Perciformes;Cottidae;Cottus;Cottus,confusus,NC_066922;cellularOrganisms;Eukaryota;Metazoa;Chordata;Actinopteri;Perciformes;Cottidae;Cottus;Cottus_confusus,7736,0,0,0,2,0,0,0,0,1,0,0,0,0,2,0,1,1,0,1274,0,5354,1101,0,0,0,0
NC,006547;cellularOrganisms;Eukaryota;Metazoa;Chordata;Actinopteri;Anguilliformes;Anguillidae;Anguilla;Anguilla,rostrata,NC_006547;cellularOrganisms;Eukaryota;Metazoa;Chordata;Actinopteri;Anguilliformes;Anguillidae;Anguilla;Anguilla_rostrata,7735,0,0,0,0,0,0,0,0,0,0,0,0,0,0,0,0,0,0,1277,0,5358,1100,0,0,0,0
NC,030325;cellularOrganisms;Eukaryota;Metazoa;Chordata;Actinopteri;Acipenseriformes;Acipenseridae;Acipenser;Acipenser,fulvescens,NC_030325;cellularOrganisms;Eukaryota;Metazoa;Chordata;Actinopteri;Acipenseriformes;Acipenseridae;Acipenser;Acipenser_fulvescens,7735,0,0,0,0,0,0,0,0,0,0,0,0,0,0,0,0,0,0,1273,0,5360,1102,0,0,0,0
NC,056404;cellularOrganisms;Eukaryota;Metazoa;Chordata;Actinopteri;Cypriniformes;Catostomidae;Carpiodes;Carpiodes,cyprinus,NC_056404;cellularOrganisms;Eukaryota;Metazoa;Chordata;Actinopteri;Cypriniformes;Catostomidae;Carpiodes;Carpiodes_cyprinus,7735,0,0,0,0,0,0,0,0,0,0,0,0,0,0,0,0,0,0,1276,0,5359,1100,0,0,0,0
NC,020465;cellularOrganisms;Eukaryota;Metazoa;Chordata;Hyperoartia;Petromyzontiformes;Petromyzontidae;Lethenteron;Lethenteron,camtschaticum,NC_020465;cellularOrganisms;Eukaryota;Metazoa;Chordata;Hyperoartia;Petromyzontiformes;Petromyzontidae;Lethenteron;Lethenteron_camtschaticum,7733,0,0,0,0,0,0,0,0,0,0,0,0,0,0,0,0,0,0,1277,0,5356,1100,0,0,0,0
NC,015082;cellularOrganisms;Eukaryota;Metazoa;Chordata;Actinopteri;Hiodontiformes;Hiodontidae;Hiodon;Hiodon,tergisus,NC_015082;cellularOrganisms;Eukaryota;Metazoa;Chordata;Actinopteri;Hiodontiformes;Hiodontidae;Hiodon;Hiodon_tergisus,7732,0,0,0,0,0,0,0,0,0,0,0,0,0,0,0,0,0,0,1276,0,5357,1099,0,0,0,0
NC,009263;cellularOrganisms;Eukaryota;Metazoa;Chordata;Actinopteri;Salmoniformes;Salmonidae;Oncorhynchus;Oncorhynchus,kisutch,NC_009263;cellularOrganisms;Eukaryota;Metazoa;Chordata;Actinopteri;Salmoniformes;Salmonidae;Oncorhynchus;Oncorhynchus_kisutch,7731,0,0,0,0,0,0,0,0,0,0,0,0,0,0,0,0,0,0,1278,0,5354,1099,0,0,0,0
NC,036393;cellularOrganisms;Eukaryota;Metazoa;Chordata;Actinopteri;Salmoniformes;Salmonidae;Coregonus;Coregonus,artedi,NC_036393;cellularOrganisms;Eukaryota;Metazoa;Chordata;Actinopteri;Salmoniformes;Salmonidae;Coregonus;Coregonus_artedi,5890,0,0,0,0,0,0,0,0,0,0,0,0,0,0,0,0,0,0,1274,0,0,1101,0,0,1004,2511
NC,028087;cellularOrganisms;Eukaryota;Metazoa;Chordata;Actinopteri;Cypriniformes;Cyprinidae;Pimephales;Pimephales,promelas,NC_028087;cellularOrganisms;Eukaryota;Metazoa;Chordata;Actinopteri;Cypriniformes;Cyprinidae;Pimephales;Pimephales_promelas,4641,0,0,1965,232,0,3,0,0,0,2,0,1,0,1,0,0,1,59,1277,0,0,1100,0,0,0,0
NC,014177;cellularOrganisms;Eukaryota;Metazoa;Chordata;Actinopteri;Cypriniformes;Cyprinidae;Carassius;Carassius,gibelio,NC_014177;cellularOrganisms;Eukaryota;Metazoa;Chordata;Actinopteri;Cypriniformes;Cyprinidae;Carassius;Carassius_gibelio,2397,2,0,0,0,0,3,6,0,0,0,0,0,1,3,4,0,0,0,1276,0,0,1102,0,0,0,0
NC,015364;cellularOrganisms;Eukaryota;Metazoa;Chordata;Actinopteri;Cypriniformes;Cyprinidae;Chrosomus;Chrosomus,eos,NC_015364;cellularOrganisms;Eukaryota;Metazoa;Chordata;Actinopteri;Cypriniformes;Cyprinidae;Chrosomus;Chrosomus_eos,2387,1,1,0,0,0,0,0,0,0,0,1,5,0,0,0,0,0,4,1276,0,0,1099,0,0,0,0
NC,006580;cellularOrganisms;Eukaryota;Metazoa;Chordata;Actinopteri;Cypriniformes;Cyprinidae;Carassius;Carassius,auratus,NC_006580;cellularOrganisms;Eukaryota;Metazoa;Chordata;Actinopteri;Cypriniformes;Cyprinidae;Carassius;Carassius_auratus,2381,0,0,0,0,3,0,0,0,0,0,0,0,1,0,0,0,0,0,1277,0,0,1100,0,0,0,0
NC,011571;cellularOrganisms;Eukaryota;Metazoa;Chordata;Actinopteri;Perciformes;Gasterosteidae;Pungitius;Pungitius,pungitius,NC_011571;cellularOrganisms;Eukaryota;Metazoa;Chordata;Actinopteri;Perciformes;Gasterosteidae;Pungitius;Pungitius_pungitius,2380,0,0,0,0,0,0,0,0,0,0,0,0,0,0,0,0,0,0,1278,0,0,1102,0,0,0,0
NC,011361;cellularOrganisms;Eukaryota;Metazoa;Chordata;Actinopteri;Centrarchiformes;Centrarchidae;Micropterus;Micropterus,dolomieu,NC_011361;cellularOrganisms;Eukaryota;Metazoa;Chordata;Actinopteri;Centrarchiformes;Centrarchidae;Micropterus;Micropterus_dolomieu,2379,0,0,0,0,0,0,0,0,0,0,0,0,0,0,0,0,0,0,1278,0,0,1101,0,0,0,0
NC,021444;cellularOrganisms;Eukaryota;Metazoa;Chordata;Actinopteri;Perciformes;Percidae;Sander;Sander,canadensis,NC_021444;cellularOrganisms;Eukaryota;Metazoa;Chordata;Actinopteri;Perciformes;Percidae;Sander;Sander_canadensis,2379,0,0,0,0,0,0,0,0,0,0,0,0,0,0,0,0,0,0,1278,0,0,1101,0,0,0,0
NC,026537;cellularOrganisms;Eukaryota;Metazoa;Chordata;Actinopteri;Salmoniformes;Salmonidae;undef,Salmonidae;Oncorhynchus,NC_026537;cellularOrganisms;Eukaryota;Metazoa;Chordata;Actinopteri;Salmoniformes;Salmonidae;undef_Salmonidae;Oncorhynchus,2379,0,0,0,0,0,0,0,0,0,0,0,0,0,0,0,0,0,0,1278,0,0,1101,0,0,0,0
NC,041244;cellularOrganisms;Eukaryota;Metazoa;Chordata;Actinopteri;Perciformes;Gasterosteidae;Gasterosteus;Gasterosteus,aculeatus,NC_041244;cellularOrganisms;Eukaryota;Metazoa;Chordata;Actinopteri;Perciformes;Gasterosteidae;Gasterosteus;Gasterosteus_aculeatus,2378,0,0,0,0,0,0,0,0,0,0,0,0,0,0,0,0,0,0,1276,0,0,1102,0,0,0,0
NC,000861:NC,037502;cellularOrganisms;Eukaryota;Metazoa;Chordata;Actinopteri;Salmoniformes;Salmonidae;Salvelinus;Salvelinus,NC_000861:NC_037502;cellularOrganisms;Eukaryota;Metazoa;Chordata;Actinopteri;Salmoniformes;Salmonidae;Salvelinus;Salvelinus,2377,0,0,0,0,0,0,0,0,0,0,0,0,0,0,0,0,0,0,1276,0,0,1101,0,0,0,0
NC,005145;cellularOrganisms;Eukaryota;Metazoa;Chordata;Actinopteri;Hiodontiformes;Hiodontidae;Hiodon;Hiodon,alosoides,NC_005145;cellularOrganisms;Eukaryota;Metazoa;Chordata;Actinopteri;Hiodontiformes;Hiodontidae;Hiodon;Hiodon_alosoides,2377,0,0,0,0,0,0,0,0,0,0,0,0,0,0,0,0,0,0,1277,0,0,1100,0,0,0,0
NC,028284;cellularOrganisms;Eukaryota;Metazoa;Chordata;Actinopteri;Centrarchiformes;Centrarchidae;Lepomis;Lepomis,gibbosus,NC_028284;cellularOrganisms;Eukaryota;Metazoa;Chordata;Actinopteri;Centrarchiformes;Centrarchidae;Lepomis;Lepomis_gibbosus,2377,0,0,0,0,0,0,0,0,0,0,0,0,0,0,0,0,0,0,1276,0,0,1101,0,0,0,0
NC,033945;cellularOrganisms;Eukaryota;Metazoa;Chordata;Actinopteri;Cypriniformes;Cyprinidae;Richardsonius;Richardsonius,balteatus,NC_033945;cellularOrganisms;Eukaryota;Metazoa;Chordata;Actinopteri;Cypriniformes;Cyprinidae;Richardsonius;Richardsonius_balteatus,2377,0,0,0,0,0,0,0,0,0,0,0,0,0,0,0,0,0,0,1275,0,0,1102,0,0,0,0
NC,036392;cellularOrganisms;Eukaryota;Metazoa;Chordata;Actinopteri;Salmoniformes;Salmonidae;Salvelinus;Salvelinus,namaycush,NC_036392;cellularOrganisms;Eukaryota;Metazoa;Chordata;Actinopteri;Salmoniformes;Salmonidae;Salvelinus;Salvelinus_namaycush,2377,0,0,0,0,0,0,0,0,0,0,0,0,0,0,0,0,0,0,1276,0,0,1101,0,0,0,0
NC,008615;cellularOrganisms;Eukaryota;Metazoa;Chordata;Actinopteri;Salmoniformes;Salmonidae;Oncorhynchus;Oncorhynchus,nerka,NC_008615;cellularOrganisms;Eukaryota;Metazoa;Chordata;Actinopteri;Salmoniformes;Salmonidae;Oncorhynchus;Oncorhynchus_nerka,2376,0,0,0,0,0,0,0,0,0,0,0,0,0,0,0,0,0,0,1275,0,0,1101,0,0,0,0
NC,033925;cellularOrganisms;Eukaryota;Metazoa;Chordata;Actinopteri;Cypriniformes;Cyprinidae;Notropis;Notropis,atherinoides,NC_033925;cellularOrganisms;Eukaryota;Metazoa;Chordata;Actinopteri;Cypriniformes;Cyprinidae;Notropis;Notropis_atherinoides,2376,0,0,0,0,0,0,0,0,0,0,0,0,0,0,0,0,0,0,1276,0,0,1100,0,0,0,0
NC,035305;cellularOrganisms;Eukaryota;Metazoa;Chordata;Actinopteri;Cyprinodontiformes;Poeciliidae;Poecilia;Poecilia,latipinna,NC_035305;cellularOrganisms;Eukaryota;Metazoa;Chordata;Actinopteri;Cyprinodontiformes;Poeciliidae;Poecilia;Poecilia_latipinna,2376,0,0,0,0,0,0,0,0,0,0,0,0,0,0,0,0,0,0,1276,0,0,1100,0,0,0,0
NC,037014;cellularOrganisms;Eukaryota;Metazoa;Chordata;Actinopteri;Cypriniformes;Cyprinidae;Notropis;Notropis,hudsonius,NC_037014;cellularOrganisms;Eukaryota;Metazoa;Chordata;Actinopteri;Cypriniformes;Cyprinidae;Notropis;Notropis_hudsonius,2376,0,0,0,0,0,0,0,0,0,0,0,0,0,0,0,0,0,0,1275,0,0,1101,0,0,0,0
NC,066945;cellularOrganisms;Eukaryota;Metazoa;Chordata;Actinopteri;Cypriniformes;Catostomidae;Catostomus;Catostomus,macrocheilus,NC_066945;cellularOrganisms;Eukaryota;Metazoa;Chordata;Actinopteri;Cypriniformes;Catostomidae;Catostomus;Catostomus_macrocheilus,2376,0,0,0,0,0,0,0,0,0,0,0,0,0,0,0,0,0,0,1276,0,0,1100,0,0,0,0
NC,001960;cellularOrganisms;Eukaryota;Metazoa;Chordata;Actinopteri;Salmoniformes;Salmonidae;Salmo;Salmo,salar,NC_001960;cellularOrganisms;Eukaryota;Metazoa;Chordata;Actinopteri;Salmoniformes;Salmonidae;Salmo;Salmo_salar,2374,0,0,0,0,0,0,0,0,0,0,0,0,0,0,0,0,0,0,1275,0,0,1099,0,0,0,0
NC,020764;cellularOrganisms;Eukaryota;Metazoa;Chordata;Actinopteri;Salmoniformes;Salmonidae;Prosopium;Prosopium,cylindraceum,NC_020764;cellularOrganisms;Eukaryota;Metazoa;Chordata;Actinopteri;Salmoniformes;Salmonidae;Prosopium;Prosopium_cylindraceum,2374,0,0,0,0,0,0,0,0,0,0,0,0,0,0,0,0,0,0,1273,0,0,1101,0,0,0,0
NC,066907;cellularOrganisms;Eukaryota;Metazoa;Chordata;Actinopteri;Salmoniformes;Salmonidae;Salvelinus;Salvelinus,confluentus,NC_066907;cellularOrganisms;Eukaryota;Metazoa;Chordata;Actinopteri;Salmoniformes;Salmonidae;Salvelinus;Salvelinus_confluentus,2374,0,0,0,0,0,0,0,0,0,0,0,0,0,0,0,0,0,0,1275,0,0,1099,0,0,0,0
NC,066937;cellularOrganisms;Eukaryota;Metazoa;Chordata;Actinopteri;Cypriniformes;Cyprinidae;Ptychocheilus;Ptychocheilus,oregonensis,NC_066937;cellularOrganisms;Eukaryota;Metazoa;Chordata;Actinopteri;Cypriniformes;Cyprinidae;Ptychocheilus;Ptychocheilus_oregonensis,2372,0,0,0,0,0,0,0,0,0,0,0,0,0,0,0,0,0,0,1274,0,0,1098,0,0,0,0
Total,reads,by,sample,825789,25572,13253,25243,17056,15219,18793,11712,28145,37915,31817,27500,12418,17039,20614,17567,23398,10646,60549,70434,80348,86005,57214,40131,40115,40130
